<?xml version='1.0' encoding='utf-8' standalone='yes' ?>
<map>
    <long name="sites_visited_weekly_time" value="1754559246390" />
    <string name="origins_visited_date">8/7/25</string>
    <set name="related_sites_visited_weekly_set">
        <string>40582497</string>
    </set>
    <set name="origins_visited_set">
        <string>2493596896</string>
        <string>1169271134</string>
    </set>
    <set name="sites_visited_weekly_set">
        <string>0</string>
        <string>40582497</string>
    </set>
</map>
