<?xml version='1.0' encoding='utf-8' standalone='yes' ?>
<map>
    <long name="DownloadDisplayMessageMillis" value="1754559469243" />
    <boolean name="shouldDownloadToSDCard" value="false" />
    <long name="LastLicenseMarkSyncMillis" value="1754573869243" />
    <boolean name="firstAppStartWithoutUser" value="false" />
    <long name="SyncPlayerSdkDownloadMillis" value="1754573869572" />
    <long name="RetryDisabledDownloadSyncMillis" value="1754559469243" />
    <long name="SyncPlayerSdkErrorStateMillis" value="1754559469243" />
    <boolean name="shouldSubscribeToAllTopics" value="false" />
    <long name="LastLicenseSyncMillis" value="1754559469243" />
    <boolean name="bg_startup_tracing" value="false" />
    <long name="RefreshMetadataSyncTTLMillis" value="1755164269572" />
    <long name="QueueDownloadSyncMills" value="1754559469243" />
    <long name="com.amazon.communication.remotesetting.pref.LAST_SUCCESSFUL_SYNC" value="1754559468562" />
    <string name="PN_customer_vcr">IN</string>
    <long name="DeleteDownloadSyncMillis" value="1754559469243" />
    <string name="PN_subscription_prefs">[{&quot;topic&quot;:&quot;AIV_video_favorites&quot;,&quot;isSubscribed&quot;:false},{&quot;topic&quot;:&quot;AIV_video_in_library&quot;,&quot;isSubscribed&quot;:false},{&quot;topic&quot;:&quot;AIV_video_recommendations&quot;,&quot;isSubscribed&quot;:false},{&quot;topic&quot;:&quot;AIV_video_sports_suggestions&quot;,&quot;isSubscribed&quot;:false},{&quot;topic&quot;:&quot;AIV_new_feature&quot;,&quot;isSubscribed&quot;:false},{&quot;topic&quot;:&quot;AIV_offer&quot;,&quot;isSubscribed&quot;:false}]</string>
    <long name="LastLicenseRepairMillis" value="1754559469243" />
    <long name="DisabledDownloadSyncMillis" value="1754559469243" />
    <long name="com.amazon.communication.remotesetting.pref.LAST_SYNC_ATTEMPT" value="1754559468562" />
    <string name="PN_customer_id">amzn1.account.AGJYE57O2L7PM7IRTFLGO2NQP7BA</string>
    <long name="LastImagesDownloadSyncMillis" value="1754573869572" />
</map>
